Rank,State,Gallons Overall
1,California,772.2M
2,Texas,653.2M
3,Florida,424.1M
4,Pennsylvania,318.9M
5,New York,302.4M
6,Illinois,243.4M
7,Ohio,238.7M
8,North Carolina,207.7M
9,Michigan,185.7M
10,Georgia,181.9M
11,Virginia,152.6M
12,Arizona,143.9M
13,Wisconsin,137.6M
14,New Jersey,134.4M
15,Washington,125.4M
16,Tennessee,123.9M
17,Missouri,122.9M
18,Colorado,122.1M
19,Indiana,115.9M
20,Minnesota,115.0M
21,Massachusetts,110.9M
22,Louisiana,104.8M
23,South Carolina,102.4M
24,Alabama,94.4M
25,Oregon,89.6M
26,Maryland,86.4M
27,Nevada,76.2M
28,Kentucky,74.6M
29,Iowa,72.7M
30,Oklahoma,70.8M
31,Mississippi,64.5M
32,Kansas,57.0M
33,Connecticut,53.1M
34,Arkansas,50.3M
35,New Hampshire,49.3M
36,New Mexico,46.5M
37,Nebraska,41.5M
38,West Virginia,38.4M
39,Maine,35.3M
40,Hawaii,33.4M
41,Montana,33.3M
42,Utah,30.8M
43,Idaho,27.5M
44,South Dakota,21.4M
45,Delaware,20.6M
46,North Dakota,20.4M
47,Vermont,19.4M
48,Rhode Island,16.5M
49,Washington D.C.,14.4M
50,Alaska,13.4M
51,Wyoming,12.8M
