Rank,State,Gallons of Ethanol Per Capita*
1,New Hampshire,1.89
2,Montana,1.66
3,Vermont,1.63
4,North Dakota,1.48
5,Maine,1.37
6,South Dakota,1.34
7,Pennsylvania,1.33
8,Nevada,1.32
9,Hawaii,1.28
10,Wisconsin,1.27
11,Iowa,1.26
12,Texas,1.25
13,Louisiana,1.24
14,New Mexico,1.2
15,Wyoming,1.2
16,Mississippi,1.19
17,Nebraska,1.19
18,West Virginia,1.14
19,Colorado,1.13
20,Oregon,1.13
21,Delaware,1.12
22,Minnesota,1.11
23,Ohio,1.11
24,Missouri,1.09
25,Kansas,1.08
26,California,1.07
27,Washington D.C.,1.07
28,North Carolina,1.06
29,South Carolina,1.06
30,Arizona,1.05
31,Illinois,1.05
32,Alabama,1.04
33,Florida,1.03
34,Alaska,1.02
35,Michigan,1
36,Oklahoma,0.98
37,Tennessee,0.97
38,Virginia,0.96
39,Indiana,0.94
40,Georgia,0.93
41,Arkansas,0.91
42,Kentucky,0.91
43,Washington,0.88
44,Massachusetts,0.85
45,New York,0.84
46,Idaho,0.83
47,New Jersey,0.82
48,Rhode Island,0.82
49,Connecticut,0.79
50,Maryland,0.77
51,Utah,0.55
